"","Y01","Y02","Y03","Y04","Y05","Y06","Y07","Y08","Y09","Y10","X1","X2","X3","X4","X5","weights"
"1",1,5,1,1,5,5,5,5,5,5,4,3,2,1,1,0.000826345033090695
"2",1,5,5,2,5,NA,3,5,5,3,3,1,3,5,2,0.00926551058944542
"3",1,1,1,1,1,1,1,1,5,1,4,5,3,5,2,0.00072071513340829
"4",2,4,4,2,2,4,4,1,4,4,4,2,5,5,9,0.000177040356835995
"5",5,4,5,2,2,3,1,3,4,4,3,2,3,1,1,0.00186157562688318
"6",1,5,5,5,5,2,5,1,1,1,3,1,2,8,2,0.00926551058944542
"7",5,1,1,5,3,3,3,3,3,1,3,2,5,2,2,0.00237723287772489
"8",2,3,2,4,1,3,NA,5,3,2,3,2,2,9,2,0.00237723287772489
"9",2,2,2,2,2,2,NA,5,5,1,3,3,2,9,2,0.00286541171243255
"10",1,3,4,1,1,2,5,2,3,5,5,5,3,2,2,0.000469907332262768
"11",3,3,2,2,4,2,1,5,1,NA,5,5,4,2,9,9.50272312478618e-05
"12",1,1,1,1,1,2,1,5,5,5,3,3,2,3,1,0.00158109954642257
"13",1,1,1,3,2,2,4,1,1,1,3,5,2,3,2,0.0013789905933489
"14",3,1,1,4,4,NA,NA,2,2,2,5,3,2,5,9,0.000280227011827021
"15",1,1,1,5,5,5,5,1,1,1,6,5,4,4,1,0.000588275313491489
"16",1,2,5,NA,2,5,2,1,1,1,3,4,1,5,2,0.00187312982375556
"17",1,4,3,3,3,3,4,1,1,1,3,5,2,8,9,0.000196498978612393
"18",5,5,5,2,1,1,1,3,5,5,6,2,2,9,2,0.00183788822943176
"19",2,2,1,3,5,1,5,1,1,1,3,5,2,9,9,0.000138459517671421
"20",1,1,1,NA,NA,NA,NA,NA,NA,NA,4,2,5,6,9,0.000177040356835995
"21",2,5,5,3,NA,NA,3,5,1,1,3,2,5,9,9,0.000480736965837442
"22",1,1,5,5,5,NA,1,5,3,NA,6,3,4,1,1,0.00173477489334586
"23",2,5,4,5,4,3,5,4,3,3,4,2,5,9,2,0.00124243628899154
"24",1,1,1,1,1,1,1,1,1,1,6,5,2,5,2,0.00106612588654922
"25",1,5,5,1,3,3,3,2,2,3,3,2,5,2,2,0.00337371550837788
"26",1,5,5,5,5,5,5,NA,2,2,5,5,2,4,1,0.000259289073317803
"27",5,5,5,5,5,5,5,1,3,1,5,2,2,6,1,0.000900260193429666
"28",1,3,1,1,1,1,1,1,1,3,6,2,3,5,9,0.000261889738011362
"29",2,5,5,5,1,NA,5,1,1,1,6,1,4,4,1,0.00395265452187703
"30",1,5,2,3,4,NA,2,2,2,2,5,4,2,5,2,0.000905848603507079
"31",3,5,5,4,4,3,5,1,4,3,4,5,2,9,9,7.23645733174913e-05
"32",1,4,4,1,5,4,1,5,1,1,3,4,1,2,2,0.00131986967855733
"33",2,5,5,5,4,4,4,1,1,2,4,5,2,8,9,7.23645733174913e-05
"34",1,1,1,1,1,1,1,1,1,1,5,2,4,5,2,0.00163153324917599
"35",3,1,1,5,4,NA,5,1,1,1,2,3,5,9,9,0.00130564688918223
"36",5,5,4,4,4,5,5,4,3,3,5,5,5,1,1,0.000259289073317803
"37",2,5,5,3,5,5,2,1,1,1,2,2,1,4,2,0.0107881749684832
"38",2,2,2,2,2,3,3,3,2,2,6,1,2,4,1,0.00395265452187703
"39",1,1,1,4,4,4,4,1,1,1,3,2,3,5,2,0.00337371550837788
"40",2,5,5,5,5,4,4,2,1,1,3,5,3,3,1,0.000760910066704812
"41",5,5,5,5,5,2,NA,1,5,5,5,2,2,9,9,0.000163817076652821
"42",1,5,5,5,5,5,5,3,1,1,4,4,2,3,1,0.000380631861300061
"43",5,5,5,5,5,4,5,2,3,4,3,2,2,1,3,0.0022717409900992
"44",1,3,2,3,5,1,2,3,1,1,3,4,5,5,2,0.00187312982375556
"45",4,5,5,1,5,5,5,1,5,5,5,3,4,8,9,0.000280227011827021
"46",4,1,4,4,4,4,5,2,2,2,6,5,4,4,9,0.000151917849638673
"47",2,5,5,5,5,5,5,1,3,5,3,4,3,1,1,0.00103357013623523
"48",2,1,3,2,2,2,1,3,5,4,4,5,4,2,2,0.000507840161692338
"49",NA,4,4,4,1,1,1,5,5,3,4,4,5,3,2,0.000978971272739181
"50",5,5,3,1,1,5,3,3,1,1,3,3,5,6,2,0.00286541171243255
"51",1,3,4,4,3,2,3,2,2,2,5,5,2,5,2,0.000666881805539281
"52",1,4,1,5,5,5,5,4,1,4,3,5,2,5,9,0.000138459517671421
"53",2,2,1,5,5,1,5,1,1,1,4,5,3,9,2,0.00072071513340829
"54",3,4,5,5,5,4,5,5,3,3,5,5,2,6,9,6.69593526809722e-05
"55",1,1,1,2,1,3,3,5,5,5,3,2,4,2,2,0.00337371550837788
"56",4,5,5,5,5,5,5,5,5,2,4,4,3,1,1,0.000540184581044495
"57",1,1,1,1,1,1,1,2,2,5,6,2,4,4,1,0.00101412445308915
"58",1,4,5,5,5,4,4,NA,NA,NA,4,2,2,5,2,0.00124243628899154
"59",1,4,1,1,2,3,5,3,1,1,3,5,4,4,1,0.000760910066704812
"60",1,1,1,2,3,1,1,3,2,4,5,4,4,2,2,0.000905848603507079
"61",4,1,NA,NA,NA,1,5,5,4,2,4,2,5,8,9,0.000251252027453046
"62",2,5,1,2,2,1,5,1,1,1,2,4,2,8,3,0.00403327512737738
"63",4,5,5,5,5,4,4,1,1,1,4,5,2,2,9,0.000102698221696589
"64",5,5,3,5,3,5,5,3,3,3,4,1,2,1,1,0.00267204496057587
"65",4,1,1,4,4,3,3,1,1,1,5,4,4,7,2,0.000905848603507079
"66",1,5,3,5,1,3,5,1,1,3,4,5,2,4,3,0.000688732995704987
"67",1,1,1,1,4,4,1,5,1,1,4,1,5,8,2,0.00484252176050519
"68",2,1,2,1,2,2,1,4,4,4,4,5,4,3,3,0.000485304302339066
"69",2,3,1,5,1,1,4,2,2,2,3,2,5,5,2,0.00337371550837788
"70",2,4,1,4,3,5,1,2,2,2,3,3,4,5,2,0.00406652632907086
"71",1,4,1,4,4,4,NA,1,1,2,5,3,5,5,9,0.000280227011827021
"72",1,2,1,2,1,2,1,1,1,1,5,5,3,5,2,0.000666881805539281
"73",1,4,2,2,3,NA,3,1,1,1,4,2,2,9,9,0.000251252027453046
"74",1,5,4,5,3,4,4,2,1,1,3,5,3,9,3,0.00131779626304916
"75",1,3,1,1,3,1,1,1,1,1,4,5,2,5,2,0.000507840161692338
"76",2,1,2,2,1,3,5,2,5,3,6,4,4,1,1,0.000563054688347602
"77",1,5,3,3,3,4,4,2,2,2,5,4,5,9,9,0.000129079010692163
"78",1,5,2,5,1,3,5,1,1,1,5,5,2,4,3,0.000449054573069797
"79",1,3,4,2,1,4,3,5,2,2,3,4,5,8,9,0.000188074852057342
"80",1,1,1,2,1,2,2,1,1,1,5,5,2,5,2,0.000469907332262768
"81",2,5,3,1,5,5,5,5,NA,NA,5,3,4,4,2,0.00196657800299524
"82",1,5,5,5,1,1,1,1,1,1,4,4,2,2,2,0.000978971272739181
"83",1,1,1,4,2,1,2,1,1,1,3,4,2,9,9,0.000188074852057342
"84",5,5,5,5,1,5,1,NA,1,1,3,2,3,9,9,0.000338743045651307
"85",5,5,3,3,5,5,5,5,5,5,4,1,2,5,2,0.00484252176050519
"86",3,2,2,3,1,3,2,1,1,1,2,2,4,8,2,0.0107881749684832
"87",NA,1,1,3,1,3,NA,NA,NA,NA,6,1,4,5,2,0.00716335838333928
"88",2,5,5,5,5,5,5,1,5,5,4,1,2,8,2,0.00484252176050519
"89",2,2,3,2,3,4,3,2,2,3,3,1,4,6,1,0.00725568090174145
"90",2,1,1,4,3,2,4,4,3,3,5,1,2,3,1,0.00247245796219468
"91",3,5,5,5,5,5,5,2,2,2,4,4,2,6,1,0.000380631861300061
"92",1,1,1,1,1,1,1,1,1,1,3,2,2,1,2,0.00337371550837788
"93",3,1,NA,1,1,3,1,4,5,4,5,5,4,3,2,0.000666881805539281
"94",5,5,4,3,5,5,5,NA,1,1,3,2,4,2,2,0.00337371550837788
"95",NA,5,NA,5,4,1,1,5,2,2,6,5,4,4,2,0.00106612588654922
"96",2,4,4,4,4,4,3,5,3,2,4,2,3,2,2,0.00124243628899154
"97",1,1,2,5,5,1,5,3,1,1,4,3,5,2,1,0.00117273049638212
"98",5,5,5,5,5,5,5,5,1,5,3,1,2,3,1,0.00511259626041076
"99",NA,4,2,2,1,3,NA,5,2,2,4,2,4,3,3,0.00168499135676583
"100",1,5,2,NA,1,5,5,1,1,1,5,2,4,1,2,0.00163153324917599
"101",1,5,4,5,5,5,5,4,1,1,5,5,2,8,1,0.000259289073317803
"102",1,2,2,2,2,2,5,1,1,1,3,4,5,8,9,0.000188074852057342
"103",1,1,1,1,5,3,5,5,5,5,5,2,2,1,1,0.000900260193429666
"104",4,5,5,5,5,4,4,1,5,5,4,2,2,6,2,0.00124243628899154
"105",1,5,5,5,2,5,5,1,1,1,3,2,2,6,9,0.000480736965837442
"106",1,3,3,1,1,3,3,1,1,1,4,1,2,2,2,0.00484252176050519
"107",4,5,5,5,2,3,4,5,5,5,3,2,4,3,9,0.000480736965837442
"108",1,1,4,1,1,1,1,5,2,2,4,1,4,3,1,0.00379210552759825
"109",1,2,1,1,1,1,1,1,1,1,3,4,2,5,2,0.00131986967855733
"110",1,4,4,4,4,4,2,4,2,2,4,2,4,5,2,0.00176323664538396
"111",3,5,3,5,4,4,5,4,4,5,3,2,2,6,1,0.00131172804543085
"112",3,4,4,2,4,3,2,2,2,2,2,3,2,9,1,0.00505590241702267
"113",2,4,4,2,2,3,2,2,3,3,5,2,4,9,9,0.000232485622398565
"114",1,2,1,4,2,2,4,1,1,1,3,5,3,9,9,0.000196498978612393
"115",1,1,1,5,5,1,5,4,5,1,3,5,5,4,1,0.000760910066704812
"116",5,5,5,5,5,3,3,1,3,5,4,4,5,6,9,9.82953136218997e-05
"117",3,3,3,2,3,3,3,5,5,3,4,1,2,8,2,0.00484252176050519
"118",5,1,5,5,1,5,1,1,5,5,2,5,2,6,1,0.00243317304589706
"119",5,2,3,2,3,2,2,4,4,5,3,4,2,2,2,0.00131986967855733
"120",2,2,5,2,5,5,5,1,1,1,4,3,3,4,9,0.000213396829805373
"121",4,5,2,5,5,NA,5,3,3,1,4,5,2,6,1,0.00028021946429267
"122",1,5,2,1,1,1,1,5,5,3,4,3,2,4,1,0.00117273049638212
"123",3,5,5,5,5,4,5,3,1,1,4,5,2,4,1,0.000397681741399256
"124",1,1,3,5,5,5,4,2,4,5,3,2,5,3,9,0.000338743045651307
"125",1,3,3,3,2,NA,3,3,1,1,4,4,2,5,2,0.00068981660599397
"126",1,3,1,1,1,1,3,1,1,1,3,4,2,5,2,0.00131986967855733
"127",1,5,2,3,4,3,4,1,1,1,3,5,2,3,2,0.0013789905933489
"128",2,2,1,5,4,3,1,2,2,2,3,2,2,5,2,0.00237723287772489
"129",4,2,1,5,4,1,1,1,1,1,4,5,3,4,1,0.000397681741399256
"130",1,1,1,1,1,1,1,1,1,1,4,1,5,5,2,0.00484252176050519
"131",3,4,4,4,3,3,2,2,2,2,3,5,2,7,2,0.000971682510994379
"132",2,2,2,4,4,2,4,2,2,2,4,5,2,7,2,0.00072071513340829
"133",1,1,1,5,1,1,5,1,1,5,3,1,2,8,9,0.00132028802760422
"134",1,1,1,1,1,1,1,1,1,1,4,4,2,5,2,0.00068981660599397
"135",1,5,5,1,1,3,1,4,3,1,5,5,4,1,1,0.000367976802631607
"136",4,5,5,NA,5,5,5,5,1,5,6,4,4,9,9,0.000206354980255771
"137",4,1,3,4,2,NA,4,4,5,5,4,5,2,9,9,0.000102698221696589
"138",5,5,5,3,4,1,3,3,3,3,2,3,3,9,2,0.00916276384788515
"139",5,5,1,1,1,1,1,5,1,1,6,2,4,2,1,0.00101412445308915
"140",1,1,1,1,1,1,1,1,1,1,4,5,3,5,2,0.00072071513340829
"141",5,5,5,5,5,5,5,4,1,3,4,4,5,4,2,0.00068981660599397
"142",5,5,2,5,5,3,5,1,1,1,2,4,1,6,1,0.00232885749541094
"143",4,5,5,5,4,2,5,1,1,1,6,5,4,3,3,0.00101881578479797
"144",1,3,3,NA,3,NA,4,NA,5,5,5,3,4,9,9,0.000280227011827021
"145",1,5,5,5,5,5,5,5,1,1,6,5,2,4,1,0.000414518134098234
"146",4,1,1,5,5,5,5,2,4,4,5,5,4,4,1,0.000367976802631607
"147",1,2,1,1,2,1,2,5,1,2,4,5,3,5,2,0.000507840161692338
"148",1,4,1,1,4,4,4,2,2,2,5,3,4,1,1,0.00108513381270294
"149",2,5,1,1,1,4,1,5,5,4,5,3,2,6,2,0.00196657800299524
"150",1,1,2,1,1,1,1,5,4,NA,5,4,5,4,1,0.000499835462403371
"151",2,5,5,5,1,3,5,4,2,1,4,3,2,3,1,0.00117273049638212
"152",1,4,1,5,5,1,5,5,1,1,4,2,3,6,1,0.000685560874839127
"153",1,2,3,4,3,NA,1,1,1,1,6,4,4,9,3,0.00138389217780036
"154",4,4,NA,NA,3,NA,3,5,1,2,3,2,5,9,2,0.00337371550837788
"155",5,5,5,5,5,NA,4,NA,1,1,6,2,4,1,1,0.00143922207390928
"156",1,1,1,1,1,1,1,1,1,1,4,5,2,9,2,0.000507840161692338
"157",5,5,5,1,1,1,1,1,1,1,6,5,2,5,2,0.00106612588654922
"158",1,5,2,4,4,1,2,1,1,1,3,5,3,9,9,0.000196498978612393
"159",1,5,2,5,2,2,5,1,1,1,3,4,2,5,1,0.000728288545020049
"160",1,1,3,1,1,1,1,3,5,5,4,3,2,3,9,0.000302848050496541
"161",5,5,5,4,5,4,5,2,5,5,6,5,4,4,1,0.000414518134098234
"162",5,3,5,5,1,1,1,1,1,1,4,4,5,5,2,0.000978971272739181
"163",2,1,5,5,5,5,5,5,4,4,4,3,2,6,9,0.000302848050496541
"164",1,1,1,1,1,1,1,1,1,1,4,5,3,5,2,0.00072071513340829
"165",5,5,5,5,5,5,5,1,5,5,4,2,2,8,3,0.00168499135676583
"166",4,5,2,4,3,5,5,1,1,1,3,5,2,4,1,0.000760910066704812
"167",1,2,1,1,1,1,1,1,1,1,4,5,2,2,2,0.000507840161692338
"168",5,1,3,5,5,2,5,4,1,3,3,3,2,8,2,0.00286541171243255
"169",5,5,5,4,4,4,5,2,2,2,4,5,2,6,1,0.000397681741399256
"170",4,5,5,5,5,2,5,4,1,1,3,5,3,4,1,0.000760910066704812
"171",NA,NA,NA,NA,NA,NA,NA,NA,5,NA,4,1,2,3,9,0.000690034406270959
"172",1,5,3,5,4,5,5,1,1,1,4,4,3,1,1,0.000380631861300061
"173",3,2,1,3,1,1,4,4,5,5,2,3,3,9,2,0.0130035876315007
"174",1,5,5,5,2,NA,NA,5,1,1,5,5,3,8,2,0.000666881805539281
"175",1,1,3,5,5,3,5,3,3,3,3,4,1,4,1,0.00103357013623523
"176",NA,1,1,1,1,1,2,1,1,1,6,5,4,5,2,0.00106612588654922
"177",1,5,4,5,5,4,5,1,5,5,5,3,2,8,9,0.000197457515474986
"178",5,5,5,5,5,5,5,1,3,4,6,1,4,9,1,0.00395265452187703
"179",1,1,1,5,1,1,5,1,5,1,5,5,3,5,2,0.000666881805539281
"180",1,5,3,4,4,1,3,1,1,1,3,5,2,5,2,0.000971682510994379
"181",2,3,1,5,2,3,5,1,1,1,2,4,2,8,9,0.000601409101481643
"182",5,5,5,5,5,3,5,1,1,1,4,5,2,6,9,7.23645733174913e-05
"183",1,3,1,3,3,2,3,1,1,1,4,4,1,7,9,9.82953136218997e-05
"184",1,2,1,3,1,1,NA,1,1,1,3,5,3,8,9,0.000196498978612393
"185",1,2,1,2,4,1,3,1,1,1,3,5,1,5,2,0.0013789905933489
"186",1,1,1,2,2,2,2,1,2,2,4,4,4,5,2,0.000978971272739181
"187",4,5,1,5,4,5,5,5,1,2,2,4,1,9,9,0.000601409101481643
"188",1,5,5,5,5,5,5,1,3,1,4,2,2,4,2,0.00124243628899154
"189",1,1,1,1,1,1,1,2,3,2,6,4,2,5,2,0.00102041909673799
"190",2,2,1,5,4,3,5,3,1,1,4,2,4,4,2,0.00176323664538396
"191",1,4,3,1,3,1,1,2,1,1,5,3,2,9,9,0.000280227011827021
"192",2,5,5,5,5,1,3,1,1,1,3,3,4,3,9,0.000579459793369373
"193",5,3,1,4,3,1,3,3,1,1,5,5,3,5,2,0.000666881805539281
"194",1,5,1,1,1,1,1,1,1,1,4,5,3,5,2,0.00072071513340829
"195",5,5,5,5,5,5,5,3,5,5,4,2,5,6,1,0.000685560874839127
"196",5,5,5,5,5,5,NA,1,1,1,5,4,4,2,2,0.000905848603507079
"197",NA,NA,4,5,5,NA,5,2,1,1,4,5,2,3,1,0.000397681741399256
"198",5,5,2,5,1,3,5,1,1,1,2,5,2,6,2,0.00310716355057591
"199",1,1,1,2,2,1,2,1,1,1,6,1,4,5,9,0.0010207414842767
"200",1,1,1,1,1,1,1,1,1,1,4,4,4,5,2,0.000978971272739181
"201",5,5,5,5,5,3,3,3,1,1,4,2,2,4,1,0.00097293324525828
"202",2,4,1,NA,NA,4,NA,3,5,5,3,2,5,5,2,0.00337371550837788
"203",2,5,5,5,5,5,5,1,5,5,5,3,4,4,1,0.00108513381270294
"204",1,1,1,5,5,3,5,1,5,5,6,5,4,1,1,0.000414518134098234
"205",1,5,5,4,4,3,3,5,1,1,6,1,4,3,3,0.00684547780085368
"206",1,4,1,1,1,4,2,3,3,3,6,3,4,5,2,0.00221530915397501
"207",4,4,4,1,5,1,4,2,2,2,3,3,3,9,9,0.000579459793369373
"208",1,1,4,4,1,1,4,2,2,2,4,4,2,8,2,0.00068981660599397
"209",1,4,4,3,1,5,2,1,1,1,4,5,3,9,3,0.000688732995704987
"210",1,2,3,1,3,2,1,3,5,5,3,2,5,6,1,0.00131172804543085
"211",NA,5,5,5,5,4,1,1,5,5,6,2,4,1,1,0.00101412445308915
"212",1,4,4,3,4,4,4,2,3,2,5,3,5,1,1,0.00076462129716718
"213",NA,NA,1,1,5,5,NA,NA,NA,1,4,4,3,2,1,0.000540184581044495
"214",4,4,1,5,5,5,5,4,5,5,6,5,2,6,1,0.000414518134098234
"215",1,5,5,5,5,5,5,1,3,NA,6,4,4,1,1,0.000563054688347602
"216",1,3,2,2,1,2,2,1,1,1,3,4,2,9,2,0.00187312982375556
"217",NA,1,1,5,1,1,5,1,1,1,3,4,2,3,1,0.00103357013623523
"218",4,5,5,5,5,4,5,1,1,1,3,5,2,4,1,0.000760910066704812
"219",2,5,5,3,3,3,3,1,5,5,3,2,5,8,9,0.000480736965837442
"220",1,5,5,5,5,5,1,3,1,1,3,5,3,3,1,0.000536162823454538
"221",4,4,1,3,3,4,3,2,NA,4,4,4,4,5,2,0.000978971272739181
"222",3,3,5,5,5,4,5,2,2,2,4,2,2,4,2,0.00124243628899154
"223",1,5,1,1,1,5,5,1,1,1,4,1,3,8,2,0.00484252176050519
"224",5,5,5,5,5,5,5,3,3,3,3,1,3,1,2,0.0131494027605069
"225",1,1,1,1,5,1,1,1,1,1,4,4,2,5,2,0.000978971272739181
"226",1,4,5,5,1,1,5,5,2,2,4,4,5,6,9,9.82953136218997e-05
"227",1,4,1,1,5,1,4,1,1,1,6,3,4,5,2,0.00221530915397501
"228",1,5,5,1,5,5,5,1,1,1,3,3,5,5,2,0.00406652632907086
"229",1,1,2,1,1,1,1,5,5,5,3,3,5,3,1,0.00158109954642257
"230",3,4,3,4,3,3,2,2,2,2,4,5,2,7,3,0.000485304302339066
"231",5,5,5,5,5,5,1,NA,1,1,3,4,3,6,2,0.00131986967855733
"232",1,5,4,5,4,4,5,3,1,1,4,4,2,1,1,0.000380631861300061
"233",1,5,2,5,5,4,5,1,2,2,4,5,2,8,1,0.00028021946429267
"234",1,3,3,1,5,5,5,3,2,2,6,4,4,1,1,0.000563054688347602
"235",5,5,5,3,5,5,4,1,2,2,4,2,5,4,2,0.00124243628899154
"236",1,5,1,2,1,1,2,1,1,1,4,3,2,5,9,0.000213396829805373
"237",2,2,3,5,3,NA,NA,2,2,2,6,3,4,2,9,0.000447991448945482
"238",1,2,4,2,4,1,1,2,5,5,4,3,4,9,2,0.00212532744944088
"239",5,5,5,5,5,5,5,5,5,5,4,4,2,6,1,0.000380631861300061
"240",4,4,4,5,3,3,4,5,2,2,3,4,2,5,2,0.00131986967855733
"241",1,3,4,4,5,1,5,1,1,1,6,3,4,4,1,0.00173477489334586
"242",1,2,1,2,4,1,1,4,2,2,4,2,4,8,9,0.000251252027453046
"243",3,3,4,5,5,4,4,2,1,2,3,5,2,4,1,0.000536162823454538
"244",5,3,5,3,2,3,2,4,3,2,6,3,4,3,1,0.00173477489334586
"245",3,5,4,4,4,5,NA,5,1,4,3,5,2,9,1,0.000536162823454538
"246",5,5,3,5,5,5,5,2,1,1,2,5,5,7,9,0.000442754538324993
"247",1,4,1,4,3,1,1,2,5,5,6,1,4,5,2,0.00716335838333928
"248",1,5,1,5,1,3,2,4,4,4,5,5,3,8,9,9.50272312478618e-05
"249",4,1,2,3,2,1,1,2,2,5,6,4,3,4,9,0.000206354980255771
"250",3,4,4,5,5,1,5,4,5,5,4,4,2,1,1,0.000380631861300061
"251",3,5,3,5,5,3,5,1,1,1,4,4,3,3,1,0.000540184581044495
"252",NA,NA,1,1,3,NA,NA,5,5,NA,4,4,3,9,9,0.00013949892097349
"253",1,1,1,3,3,3,5,2,1,1,5,5,3,9,9,9.50272312478618e-05
"254",4,4,4,1,5,4,1,1,2,2,4,2,3,5,2,0.00124243628899154
"255",5,5,5,1,5,3,5,1,1,2,4,4,2,3,1,0.000380631861300061
"256",1,1,1,5,5,1,5,1,1,1,4,5,2,3,1,0.000397681741399256
"257",1,1,1,1,1,4,1,5,1,1,6,5,3,5,3,0.00101881578479797
"258",5,5,1,1,4,3,5,5,5,5,2,1,1,6,9,0.00422190202766155
"259",4,4,4,2,3,2,4,2,5,5,6,3,4,4,1,0.00122238033378221
"260",5,5,5,5,3,4,5,5,5,5,3,1,2,6,9,0.00132028802760422
"261",1,4,1,2,1,2,1,1,1,1,4,5,3,1,2,0.00072071513340829
"262",4,1,1,1,1,1,1,5,NA,5,4,1,4,2,2,0.00687239769944576
"263",1,1,3,3,1,3,NA,5,3,3,5,1,4,1,1,0.00350885626737319
"264",3,4,4,4,4,3,3,4,1,3,3,1,2,3,3,0.00885434463881828
"265",2,5,2,5,5,5,5,5,2,2,4,5,2,4,1,0.000397681741399256
"266",2,5,1,5,2,4,5,3,1,1,4,5,2,4,9,0.000102698221696589
"267",5,5,5,5,4,4,5,3,3,3,4,2,1,1,1,0.00097293324525828
"268",1,5,5,5,5,NA,NA,1,1,1,2,3,3,7,9,0.00130564688918223
"269",1,5,5,5,5,5,5,3,3,3,5,4,2,3,1,0.000352201377618559
"270",5,5,1,1,5,5,5,5,5,1,6,4,4,4,1,0.000799074713260881
"271",2,5,2,5,2,5,5,5,5,5,6,5,4,1,1,0.000414518134098234
"272",1,5,1,5,5,5,5,NA,1,1,4,4,2,9,2,0.000978971272739181
"273",1,1,1,1,1,1,1,1,1,1,6,3,4,8,2,0.00314391680820832
"274",1,5,1,5,3,1,5,1,1,1,4,5,2,4,1,0.000397681741399256
"275",1,1,1,3,4,4,1,5,5,5,5,5,2,8,3,0.000449054573069797
"276",1,5,5,2,2,1,2,5,1,3,5,5,3,9,3,0.000637287923348513
"277",1,5,5,5,1,1,5,4,2,3,5,5,2,1,1,0.000259289073317803
"278",4,4,4,5,5,4,5,2,2,2,4,2,2,4,1,0.000685560874839127
"279",1,2,2,1,1,1,5,5,3,3,6,1,3,6,1,0.00395265452187703
"280",1,1,5,5,5,5,5,1,1,5,4,5,2,1,1,0.00028021946429267
"281",2,5,5,5,5,NA,5,1,1,1,4,4,2,1,1,0.000540184581044495
"282",4,5,3,5,4,4,5,5,5,5,3,5,2,6,1,0.000760910066704812
"283",3,4,3,4,3,3,4,3,2,5,4,3,5,8,2,0.00212532744944088
"284",3,4,3,4,3,4,4,5,1,1,3,5,3,8,9,0.000138459517671421
"285",5,5,5,5,5,4,5,4,NA,NA,6,4,5,1,1,0.000563054688347602
"286",1,5,1,1,1,5,2,4,5,5,5,2,2,1,1,0.000634354088924311
"287",1,1,4,4,3,1,3,3,1,1,3,4,4,9,2,0.00187312982375556
"288",2,1,3,5,5,4,5,2,2,5,6,3,2,6,1,0.00122238033378221
"289",3,3,4,NA,1,3,3,5,3,3,3,3,4,6,2,0.00406652632907086
"290",5,5,5,5,5,4,5,4,1,1,4,5,2,3,1,0.00028021946429267
"291",1,1,1,1,1,NA,1,5,5,5,5,1,5,4,1,0.00247245796219468
"292",3,5,5,4,5,3,5,2,2,2,3,3,5,9,9,0.000579459793369373
"293",2,2,2,2,5,2,2,5,5,1,4,2,2,3,2,0.00176323664538396
"294",5,5,5,5,5,5,5,3,5,3,5,5,2,1,1,0.000259289073317803
"295",1,3,1,1,1,1,1,1,1,1,5,5,2,8,2,0.000666881805539281
"296",1,5,3,1,1,5,1,1,1,1,3,1,2,2,2,0.00926551058944542
"297",1,4,1,1,1,1,1,1,1,1,3,4,2,6,1,0.000728288545020049
"298",5,5,5,5,5,4,5,2,2,2,4,5,3,4,1,0.00028021946429267
"299",1,5,5,5,5,5,4,NA,1,2,3,5,3,3,1,0.000536162823454538
"300",1,1,1,1,1,1,1,NA,1,1,4,5,2,5,2,0.000507840161692338
"301",3,5,4,5,5,5,5,4,5,5,4,5,2,4,1,0.00028021946429267
"302",1,2,1,5,3,1,3,1,1,1,4,5,3,8,9,0.000102698221696589
"303",2,1,1,1,1,2,1,3,2,2,4,2,2,2,2,0.00124243628899154
"304",3,5,2,4,5,4,5,3,5,3,6,5,4,4,1,0.000588275313491489
"305",4,4,4,3,3,3,3,1,2,3,3,1,2,8,2,0.00926551058944542
"306",1,1,2,1,1,1,1,5,5,5,3,3,5,6,2,0.00286541171243255
"307",2,2,5,5,5,5,5,2,2,5,4,3,2,1,1,0.00117273049638212
"308",1,1,1,4,1,1,2,1,2,1,4,4,3,5,2,0.00068981660599397
"309",5,5,5,5,5,5,5,4,5,4,4,2,2,3,1,0.000685560874839127
"310",1,5,5,1,3,5,1,5,3,3,3,2,4,5,9,0.000480736965837442
"311",2,2,1,4,4,5,4,2,2,2,4,1,2,3,1,0.00379210552759825
"312",1,4,2,1,1,1,1,1,1,1,3,4,2,5,2,0.00187312982375556
"313",2,3,1,1,5,5,1,1,1,1,4,5,3,8,9,0.000102698221696589
"314",3,5,2,4,4,3,NA,2,2,2,5,3,4,9,9,0.000280227011827021
"315",1,3,1,1,3,2,2,1,1,1,3,4,2,7,9,0.000188074852057342
"316",1,1,1,1,1,1,1,1,1,1,2,3,2,5,2,0.00916276384788515
"317",3,5,1,1,1,3,1,1,1,1,3,3,4,5,2,0.00406652632907086
"318",1,2,NA,NA,1,4,NA,2,NA,4,5,2,4,2,2,0.00163153324917599
"319",1,5,1,1,1,1,1,3,3,3,3,4,5,5,1,0.000728288545020049
"320",4,5,4,5,5,3,4,2,1,1,2,4,1,9,9,0.000853506452782015
"321",1,3,1,1,1,1,1,5,NA,1,4,5,5,5,2,0.000507840161692338
"322",1,1,1,1,1,1,4,2,1,1,3,2,3,9,2,0.00337371550837788
"323",1,2,2,1,1,1,1,5,3,3,4,2,5,9,9,0.000177040356835995
"324",5,5,3,5,5,3,3,1,1,1,2,4,5,6,1,0.00232885749541094
"325",1,1,1,1,1,5,1,5,1,1,5,3,4,5,2,0.00196657800299524
"326",4,3,5,5,5,5,3,1,3,3,5,5,5,8,2,0.000469907332262768
"327",5,5,5,5,3,5,5,5,1,1,3,1,2,4,1,0.00511259626041076
"328",1,1,1,1,1,1,1,1,1,1,3,5,2,5,2,0.000971682510994379
"329",4,5,5,5,4,5,5,3,2,2,4,4,2,9,2,0.00068981660599397
"330",5,5,5,1,1,3,5,3,1,1,3,1,2,6,9,0.00132028802760422
"331",5,5,5,5,5,5,5,5,3,3,3,3,3,6,9,0.000408306513327257
"332",2,2,1,3,3,3,5,3,2,3,5,2,5,3,2,0.00114963288482928
"333",2,1,1,5,5,5,5,5,1,1,5,3,4,2,1,0.00108513381270294
"334",3,3,3,NA,3,3,3,3,3,3,4,1,5,1,1,0.00267204496057587
"335",1,4,1,4,4,3,4,2,2,2,3,3,1,3,1,0.00224386039820613
"336",1,5,5,3,1,NA,3,1,1,1,4,5,2,8,9,0.000102698221696589
"337",1,4,4,4,5,3,5,1,1,1,5,5,2,4,1,0.000367976802631607
"338",4,4,2,5,4,3,3,1,1,1,2,3,1,3,2,0.0130035876315007
"339",1,5,1,1,1,NA,NA,5,3,3,4,1,2,6,1,0.00379210552759825
"340",5,5,5,5,5,3,5,3,1,1,3,4,2,3,3,0.00179000774972741
"341",5,5,1,NA,NA,NA,NA,NA,2,2,5,1,4,2,2,0.00635906832384176
"342",3,2,2,NA,3,NA,NA,3,1,1,3,2,5,9,9,0.000338743045651307
"343",4,5,4,5,5,4,5,4,2,3,4,3,2,1,1,0.000826345033090695
"344",5,5,5,5,5,5,5,3,1,1,5,5,2,1,1,0.000367976802631607
"345",NA,5,4,NA,NA,3,2,4,4,4,4,2,5,7,2,0.00124243628899154
"346",2,3,3,4,4,4,5,5,4,4,4,5,5,1,1,0.000397681741399256
"347",1,1,1,4,4,4,4,5,5,5,6,1,4,1,1,0.0056095172963354
"348",4,5,4,4,5,3,4,3,4,5,4,5,1,3,2,0.00072071513340829
"349",1,4,2,5,5,5,5,1,3,3,6,3,4,4,1,0.00122238033378221
"350",1,5,1,4,1,3,1,1,1,1,3,3,1,8,9,0.000579459793369373
"351",5,5,5,4,4,3,4,1,1,1,4,3,2,3,9,0.000213396829805373
"352",4,NA,5,2,1,1,1,1,1,1,4,5,3,5,2,0.00072071513340829
"353",1,5,3,3,3,5,5,5,5,5,4,4,2,7,2,0.00068981660599397
"354",1,5,3,4,3,3,5,3,1,1,4,5,2,3,3,0.000485304302339066
"355",1,4,1,5,5,1,5,1,1,1,5,5,2,4,2,0.000666881805539281
"356",3,5,5,5,5,4,5,3,3,1,6,2,2,3,1,0.00143922207390928
"357",1,1,3,1,1,NA,1,1,1,1,3,2,5,5,2,0.00337371550837788
"358",1,4,1,1,1,1,1,1,1,1,5,3,4,5,2,0.00138571652467495
"359",1,1,NA,3,3,1,3,1,1,1,4,5,5,3,9,0.000102698221696589
"360",5,1,3,5,5,3,5,5,1,1,3,5,3,4,1,0.000536162823454538
"361",1,5,5,5,5,1,5,1,1,1,3,5,2,3,1,0.000760910066704812
"362",1,1,1,5,1,1,2,1,1,1,3,4,3,8,9,0.000266911004793248
"363",3,1,1,1,1,1,1,1,1,1,3,4,5,8,9,0.000266911004793248
"364",4,4,5,5,5,3,5,1,3,3,6,2,4,1,2,0.00260828985969271
"365",1,3,5,1,4,1,4,2,2,2,6,5,4,9,9,0.000151917849638673
"366",1,3,1,1,1,4,4,2,2,2,4,3,2,5,2,0.00212532744944088
"367",1,5,5,4,4,4,4,5,2,2,4,5,4,4,1,0.000397681741399256
"368",1,5,4,2,4,3,NA,5,1,1,6,5,3,2,2,0.000751228736570702
"369",NA,NA,NA,5,3,NA,NA,3,4,3,5,1,4,5,2,0.00635906832384176
"370",1,3,1,1,1,1,1,1,3,3,6,2,4,5,2,0.00183788822943176
"371",1,1,1,1,1,1,1,1,1,1,3,1,2,8,2,0.00926551058944542
"372",5,1,2,NA,NA,1,1,5,5,5,2,2,5,1,1,0.00419453143344678
"373",NA,5,5,2,5,4,5,1,2,2,5,3,2,8,2,0.00138571652467495
"374",5,5,3,5,5,2,5,1,1,1,3,1,2,3,3,0.00885434463881828
"375",1,5,5,2,1,1,1,1,3,3,5,2,2,5,2,0.00114963288482928
"376",1,1,1,5,5,5,5,5,5,1,4,2,4,3,3,0.00168499135676583
"377",1,1,1,1,1,1,1,1,1,1,3,4,3,5,2,0.00187312982375556
"378",1,1,1,1,1,1,1,1,1,1,4,1,3,8,9,0.000690034406270959
"379",1,3,3,1,1,1,1,1,1,1,3,3,2,5,9,0.000408306513327257
"380",5,4,1,4,1,1,5,3,5,5,5,3,2,6,3,0.00132422352765874
"381",3,5,4,5,5,4,5,4,2,2,4,5,2,4,1,0.00028021946429267
"382",1,5,5,1,1,5,5,5,5,5,5,4,5,8,1,0.000352201377618559
"383",1,2,1,1,3,1,2,2,1,1,3,5,3,2,2,0.0013789905933489
"384",1,3,5,5,1,3,5,2,1,NA,6,1,4,8,9,0.0010207414842767
"385",1,1,5,5,5,NA,1,5,5,5,4,1,2,2,2,0.00484252176050519
"386",1,2,1,2,4,1,1,1,1,1,4,5,2,5,2,0.00072071513340829
"387",2,4,5,3,3,2,5,3,3,3,6,2,4,2,2,0.00260828985969271
"388",1,1,1,1,1,1,1,1,1,1,5,3,2,5,2,0.00196657800299524
"389",2,5,3,5,2,5,5,1,2,1,6,2,4,3,1,0.00143922207390928
"390",1,1,1,1,1,1,1,1,1,1,5,4,2,5,3,0.000609965848997434
"391",5,5,3,5,5,4,5,2,1,1,3,5,2,6,1,0.000536162823454538
"392",5,5,5,5,5,5,4,2,3,3,4,5,2,6,1,0.00028021946429267
"393",1,1,1,1,1,1,1,1,1,1,6,5,4,5,2,0.00106612588654922
"394",1,1,1,1,1,3,3,5,2,2,3,4,1,3,1,0.00103357013623523
"395",4,4,3,5,2,5,5,1,2,2,6,5,4,4,1,0.000414518134098234
"396",1,4,3,3,4,2,4,3,1,1,4,1,5,3,2,0.00484252176050519
"397",1,2,4,3,4,1,1,2,2,2,4,5,2,8,9,0.000102698221696589
"398",1,5,3,4,2,3,4,1,2,2,5,4,2,8,1,0.000352201377618559
"399",1,2,1,1,2,1,3,1,1,1,3,2,3,5,2,0.00337371550837788
"400",4,5,1,5,5,5,5,3,1,3,3,2,2,9,2,0.00237723287772489
"401",5,1,1,5,1,1,5,1,1,1,3,5,2,8,9,0.000138459517671421
"402",1,5,1,1,1,1,1,5,1,1,4,4,3,2,2,0.00068981660599397
"403",3,1,1,1,2,2,2,1,1,1,4,1,3,5,2,0.00484252176050519
"404",1,5,1,5,1,1,5,5,2,5,4,4,2,8,3,0.000659204884884993
"405",1,1,1,1,1,2,1,1,1,1,3,1,5,1,1,0.00725568090174145
"406",1,1,1,1,1,1,1,1,1,1,5,4,2,5,2,0.00063829066719802
"407",3,4,3,NA,3,3,NA,2,1,1,2,2,4,2,2,0.0107881749684832
"408",1,2,1,2,1,2,2,2,2,2,6,5,4,5,2,0.00106612588654922
"409",1,4,4,5,5,4,5,4,2,4,6,3,4,3,1,0.00173477489334586
"410",1,1,1,2,2,2,2,2,2,2,5,3,2,5,9,0.000197457515474986
"411",1,3,1,2,1,2,2,1,1,1,4,5,2,5,2,0.000507840161692338
"412",1,2,2,1,2,1,1,1,1,1,4,5,2,5,2,0.000507840161692338
"413",3,4,4,1,3,5,3,1,1,1,3,3,4,9,1,0.00224386039820613
"414",2,3,2,4,4,4,5,1,1,1,2,4,2,7,2,0.00598973296502696
"415",5,2,1,2,5,3,5,4,3,3,4,2,2,4,9,0.000251252027453046
"416",3,3,5,5,5,3,5,3,1,1,4,5,2,9,3,0.000485304302339066
"417",3,3,4,4,4,4,4,2,3,3,6,2,2,4,9,0.000371667546929308
"418",5,5,4,3,5,5,4,1,2,2,4,1,4,2,2,0.00484252176050519
"419",5,1,5,5,NA,5,1,1,1,1,2,3,2,5,1,0.00717522202912005
"420",NA,4,5,NA,5,NA,NA,1,1,NA,5,3,1,8,9,0.000280227011827021
"421",1,1,1,1,1,1,1,1,1,1,4,2,2,3,2,0.00176323664538396
"422",5,5,5,3,5,5,5,5,1,1,3,1,4,6,9,0.00187372284431172
"423",1,1,1,1,5,5,1,1,1,1,5,5,4,2,2,0.000666881805539281
"424",5,5,3,5,5,5,5,3,1,1,4,5,5,3,3,0.000688732995704987
"425",1,5,5,4,2,4,4,5,5,5,2,2,3,8,2,0.0107881749684832
"426",1,1,1,1,1,1,1,1,1,1,3,4,1,8,9,0.000188074852057342
"427",4,5,5,5,5,5,5,4,3,3,5,5,2,1,1,0.000367976802631607
"428",5,4,1,NA,NA,3,3,1,1,1,4,2,4,8,9,0.000251252027453046
"429",1,3,1,2,2,2,4,2,1,1,4,5,3,3,2,0.000507840161692338
"430",2,1,1,4,4,4,4,5,5,5,6,5,2,4,1,0.000588275313491489
"431",1,1,2,4,4,4,4,3,3,1,2,1,1,2,1,0.0163486171182484
"432",1,1,1,1,1,1,1,1,1,1,4,4,3,5,2,0.000978971272739181
"433",4,5,5,4,5,5,5,4,4,4,5,2,4,6,9,0.000232485622398565
"434",5,1,1,5,1,1,5,1,2,2,3,2,5,3,9,0.000480736965837442
"435",1,1,1,1,1,1,1,3,5,4,6,5,4,2,2,0.000751228736570702
"436",2,2,2,5,5,5,5,1,1,4,5,2,4,6,2,0.00163153324917599
"437",1,3,1,5,5,NA,3,1,1,1,5,4,4,3,9,0.000129079010692163
"438",1,5,3,1,5,3,5,2,2,2,4,5,2,8,1,0.000397681741399256
"439",5,5,5,5,5,4,5,3,1,1,3,4,2,1,1,0.00103357013623523
"440",1,5,5,5,5,5,5,5,2,2,5,5,5,1,1,0.000259289073317803
"441",1,4,1,3,1,3,3,2,2,2,6,5,4,1,1,0.000414518134098234
"442",3,5,5,5,5,4,5,1,1,1,4,3,4,1,1,0.00117273049638212
"443",NA,5,5,5,NA,3,3,3,1,3,5,5,2,9,9,9.50272312478618e-05
"444",2,1,2,1,2,1,1,2,NA,4,4,2,2,9,9,0.000177040356835995
"445",1,3,1,3,1,1,3,1,1,2,4,5,2,2,2,0.000507840161692338
"446",2,5,5,5,5,2,5,4,2,1,3,5,2,3,1,0.000536162823454538
"447",5,5,1,5,1,5,1,5,5,5,5,2,4,4,1,0.000634354088924311
"448",1,1,1,1,1,NA,1,1,1,1,6,4,4,5,2,0.00144815619814263
"449",4,5,4,5,5,3,5,3,2,3,4,4,5,3,1,0.000540184581044495
"450",5,5,5,1,1,1,1,1,1,1,3,4,3,5,2,0.00187312982375556
"451",4,1,1,5,5,1,2,1,1,1,5,1,4,5,2,0.00635906832384176
"452",NA,4,5,1,4,5,3,5,1,1,3,3,1,2,2,0.00286541171243255
"453",1,5,5,5,1,5,5,5,1,5,4,5,2,3,1,0.00028021946429267
"454",1,1,1,1,1,NA,1,2,1,2,5,1,2,5,2,0.0044808126460426
"455",1,1,1,1,1,1,1,1,1,1,3,4,2,5,2,0.00131986967855733
"456",5,5,5,5,5,2,5,5,1,1,5,3,2,6,1,0.00108513381270294
"457",1,5,3,1,2,5,5,1,1,1,3,5,3,8,9,0.000196498978612393
"458",1,5,1,3,1,3,3,3,1,1,6,2,4,9,2,0.00260828985969271
"459",3,4,1,5,5,4,3,1,1,1,2,3,5,2,1,0.00717522202912005
"460",4,4,1,5,2,4,3,2,2,2,3,3,2,3,1,0.00224386039820613
"461",1,2,3,5,2,3,5,5,1,1,4,4,2,8,1,0.000380631861300061
"462",1,2,1,3,1,1,2,1,1,1,4,5,5,9,9,0.000102698221696589
"463",3,3,3,3,3,3,3,2,2,2,6,2,4,8,9,0.000371667546929308
"464",4,1,1,1,1,1,1,5,3,3,5,5,4,4,1,0.000367976802631607
"465",NA,5,NA,5,5,NA,5,1,1,1,4,3,2,1,9,0.000302848050496541
"466",1,1,1,3,2,1,3,1,1,1,4,4,2,5,2,0.00068981660599397
"467",5,5,5,4,4,5,2,1,1,1,5,2,4,5,2,0.00114963288482928
"468",1,2,2,2,4,3,4,2,2,2,2,4,5,9,9,0.000853506452782015
"469",1,5,3,5,3,4,5,2,3,5,3,5,4,3,1,0.000536162823454538
"470",5,5,5,5,5,3,5,3,1,1,3,2,5,4,1,0.00131172804543085
"471",1,5,2,1,1,1,2,3,3,3,4,3,3,7,2,0.0014975774530738
"472",2,1,2,1,1,4,3,5,5,5,5,2,4,4,1,0.000900260193429666
"473",1,2,1,1,5,3,5,1,1,1,3,5,3,7,2,0.0013789905933489
"474",1,1,2,4,4,3,5,1,1,2,4,2,2,3,3,0.00168499135676583
"475",1,4,3,5,5,4,5,4,2,3,4,5,2,3,1,0.000397681741399256
"476",1,3,1,3,3,1,1,1,1,1,4,4,3,2,2,0.000978971272739181
"477",3,1,1,2,1,3,3,3,3,3,4,2,4,5,2,0.00176323664538396
"478",NA,1,1,1,1,2,1,1,1,1,6,3,4,1,1,0.00173477489334586
"479",2,1,1,1,5,3,5,NA,5,4,4,2,4,8,9,0.000251252027453046
"480",4,5,4,5,1,4,5,2,2,2,5,5,2,6,1,0.000259289073317803
"481",1,1,1,3,1,4,4,4,2,2,4,2,4,5,2,0.00124243628899154
"482",5,5,5,5,4,5,5,1,1,1,3,5,3,6,1,0.000536162823454538
"483",1,NA,1,1,1,NA,2,4,4,5,4,3,2,4,2,0.00212532744944088
"484",NA,NA,5,3,3,2,2,4,5,4,6,4,4,4,1,0.000563054688347602
"485",3,5,5,5,5,2,5,2,2,2,5,3,4,1,1,0.00113536373202888
"486",5,1,1,1,1,1,1,1,1,1,4,5,3,5,2,0.000174786878722587
"487",3,5,1,5,5,4,4,4,2,2,4,5,2,4,1,0.000306448224382029
"488",3,4,4,3,3,2,5,2,2,2,4,3,2,3,3,0.000680835040116129
"489",3,3,3,4,NA,2,4,2,2,2,4,1,5,9,3,0.000570528903793604
"490",2,1,2,4,2,5,2,2,1,1,2,3,5,6,1,0.00227424030218861
"491",1,1,1,1,2,2,3,1,1,1,3,4,3,8,9,0.000160664363732436
"492",5,5,1,4,5,5,3,1,2,2,4,5,3,4,1,0.000253982078449767
"493",1,1,2,1,1,1,1,5,1,1,6,4,4,5,2,0.000420573413086224
"494",NA,2,3,2,1,4,2,4,3,3,4,1,2,3,9,0.000154157310902572
"495",1,5,5,5,5,3,5,1,1,3,3,1,1,9,1,0.00144864678787545
"496",3,5,4,5,5,3,5,1,1,1,4,4,5,3,1,0.000504657258634549
"497",3,5,5,5,4,4,5,5,3,4,5,5,4,1,1,0.000316919889184621
"498",NA,1,1,5,3,3,5,4,4,4,3,3,2,8,3,0.0015607557066887
"499",2,5,2,5,3,4,5,2,2,2,6,4,2,9,9,0.000149083211380228
"500",1,1,1,3,1,1,3,5,5,1,4,4,2,5,2,0.000287838161110536
"501",NA,1,1,2,2,1,3,1,1,1,4,5,3,8,2,0.000174786878722587
"502",1,2,5,4,5,3,3,3,4,5,4,1,4,3,2,0.000434886772873539
"503",2,5,1,5,2,2,2,5,1,1,3,4,2,6,2,0.000453245611073059
"504",2,4,2,5,2,4,5,3,3,3,4,5,2,8,1,0.000253982078449767
"505",1,5,1,1,5,NA,1,5,3,5,4,5,2,1,1,0.000253982078449767
"506",3,5,5,4,4,5,5,2,2,2,3,5,2,3,1,0.00058223081669543
"507",1,1,1,1,1,2,1,1,1,1,5,5,2,2,2,0.000180760213051907
"508",1,1,1,1,3,1,1,1,2,2,5,5,4,5,2,0.000180760213051907
"509",1,5,1,4,4,1,1,5,1,5,4,4,5,1,3,0.000312966059403823
"510",5,2,1,1,1,1,2,1,2,1,3,1,5,8,2,0.000826256619116868
"511",1,1,1,1,1,1,1,1,1,1,4,3,5,3,1,0.00109784709520781
"512",1,5,5,3,5,3,5,1,1,1,4,4,2,8,9,8.45632218015403e-05
"513",3,1,2,2,3,4,2,1,1,1,3,4,1,5,2,0.000546874931137173
"514",1,1,1,5,5,5,5,5,5,5,4,4,2,3,1,0.000418256320040428
"515",5,NA,NA,3,5,2,3,1,1,1,4,5,2,7,2,0.000174786878722587
"516",1,1,1,1,1,1,1,5,1,1,6,1,4,5,2,0.00076669686911374
"517",5,5,1,4,5,3,2,3,5,5,4,5,1,3,1,0.000253982078449767
"518",1,2,2,1,1,1,1,1,1,1,3,5,1,3,9,9.75619089268088e-05
"519",1,5,5,5,5,5,5,1,2,2,4,2,1,3,3,0.000664759870167422
"520",2,1,2,2,2,1,1,1,1,1,3,1,2,9,9,0.00029288746159144
"521",1,1,4,3,2,4,4,1,1,1,3,4,3,9,1,0.000794659405665472
"522",1,1,1,1,1,1,1,1,1,1,3,5,3,5,2,0.000275228387648189
"523",1,1,NA,NA,1,1,NA,NA,NA,NA,4,1,1,9,9,0.000154157310902572
"524",4,5,4,5,5,4,5,1,1,1,4,4,2,6,1,0.000504657258634549
"525",1,1,1,2,1,2,1,1,1,3,6,4,4,5,2,0.000420573413086224
"526",4,5,5,5,5,4,5,5,5,NA,6,4,4,1,1,0.000737377932817192
"527",3,3,1,3,5,2,5,5,5,5,2,4,1,1,9,0.000211363308407341
"528",1,1,1,3,2,1,1,1,1,1,3,5,2,7,2,0.000275228387648189
"529",4,5,5,5,5,4,5,4,3,4,3,5,5,8,9,0.000117715658616945
"530",1,3,1,1,5,5,1,2,3,3,5,3,3,5,2,0.000536701933051047
"531",3,5,1,5,5,3,5,1,3,2,6,3,4,3,1,0.00193548323968779
"532",1,3,1,2,1,4,4,1,1,1,3,4,2,8,9,0.000160664363732436
"533",1,2,1,1,1,2,2,1,1,2,4,5,1,1,2,0.000144861983239562
"534",1,2,5,1,5,3,2,2,5,5,6,5,2,2,1,0.000447765022914948
"535",1,1,1,1,2,3,2,1,1,1,2,5,5,5,2,0.000362078943645798
"536",1,1,1,5,5,5,5,5,1,1,6,1,4,9,9,0.000271775929792145
"537",5,5,5,5,5,4,5,3,3,4,5,4,1,3,1,0.000432549193663076
"538",NA,2,NA,5,5,NA,4,1,1,1,4,1,4,2,9,0.000186001436549169
"539",3,1,1,1,1,1,1,3,2,2,4,1,3,9,2,0.000524722917816615
"540",3,1,2,5,5,4,5,5,5,4,3,5,1,2,1,0.00058223081669543
"541",1,3,3,5,4,4,5,1,1,1,3,5,3,3,1,0.00058223081669543
"542",1,5,1,2,1,1,2,1,1,1,3,4,3,5,2,0.000453245611073059
"543",2,5,1,3,1,NA,NA,4,1,1,3,2,4,2,2,0.000962724665938784
"544",5,5,1,5,5,5,5,5,1,1,4,5,1,4,1,0.000253982078449767
"545",3,5,4,3,3,NA,5,1,1,1,3,4,1,9,3,0.000717447051034252
"546",4,4,4,4,5,5,5,5,5,5,5,5,4,1,1,0.00026266066473437
"547",3,1,1,2,2,3,2,5,4,4,4,3,1,1,1,0.000909887612604125
"548",1,5,1,5,5,5,5,4,1,2,4,3,2,4,1,0.00109784709520781
"549",1,1,1,1,3,3,NA,NA,5,5,6,5,1,1,9,0.000109230073567893
"550",1,5,5,1,1,5,5,5,3,5,5,4,4,4,1,0.000521903374626873
"551",1,5,5,5,5,4,4,4,2,2,4,5,2,3,1,0.000306448224382029
"552",1,1,1,1,1,1,1,1,3,3,6,5,4,5,2,0.000255389154496656
"553",1,5,1,5,5,5,5,1,3,3,6,5,4,4,1,0.000447765022914948
"554",3,3,5,3,5,3,5,3,1,3,5,3,4,4,1,0.00113536373202888
"555",1,4,1,2,2,1,1,1,2,2,6,5,4,3,1,0.000447765022914948
"556",1,5,5,1,1,5,1,1,1,1,5,4,4,4,1,0.000521903374626873
"557",NA,5,5,5,5,4,5,3,5,5,5,5,4,6,1,0.00026266066473437
"558",3,5,5,5,5,5,5,3,5,5,6,5,2,4,1,0.000447765022914948
"559",1,5,3,4,4,3,5,5,1,1,3,5,2,8,1,0.00058223081669543
"560",2,3,2,4,3,3,4,2,2,2,5,5,4,1,1,0.000316919889184621
"561",3,4,3,4,4,4,4,2,1,1,3,4,2,4,1,0.000794659405665472
"562",1,5,5,5,5,5,5,5,1,1,4,5,2,4,1,0.000306448224382029
"563",1,1,1,1,1,1,1,1,1,1,4,4,1,9,9,0.000102031882235304
"564",1,5,5,5,1,3,5,1,3,2,4,5,3,1,1,0.000253982078449767
"565",NA,NA,NA,NA,1,NA,1,NA,NA,NA,6,5,4,9,9,0.000109230073567893
"566",1,2,1,1,3,1,5,5,5,5,5,4,4,5,9,0.000105518519639767
"567",1,1,2,3,5,1,1,1,1,1,3,5,2,5,2,0.000275228387648189
"568",5,5,5,1,1,1,1,1,5,5,6,4,2,6,1,0.000737377932817192
"569",1,1,2,1,2,2,2,5,5,5,2,4,1,9,9,0.000255025794628609
"570",4,4,5,5,5,5,5,5,3,4,4,1,1,1,1,0.000762471328096302
"571",1,4,3,3,1,1,3,1,1,1,4,5,5,9,9,6.19577094883998e-05
"572",1,2,1,1,4,1,4,2,1,1,5,5,2,5,2,0.000149812087554709
"573",1,2,1,2,2,1,1,1,1,1,6,5,4,5,2,0.000308146419611032
"574",1,1,1,3,3,1,1,3,1,1,6,5,2,5,2,0.000255389154496656
"575",1,5,5,5,5,NA,5,1,1,1,4,5,3,9,9,6.19577094883998e-05
"576",5,5,5,5,5,3,5,5,5,5,4,4,2,8,9,8.45632218015403e-05
"577",1,1,1,1,1,2,1,1,1,1,3,5,2,8,2,0.000332083963915227
"578",1,1,1,1,3,4,4,1,1,1,3,2,2,3,3,0.00126300116365998
"579",5,5,5,2,1,3,2,2,4,5,2,1,2,1,1,0.00229946416199008
"580",1,3,4,1,2,1,1,NA,NA,2,4,4,5,3,9,0.000102031882235304
"581",1,1,1,5,5,5,5,1,1,3,6,5,4,3,1,0.0005402611346072
"582",1,5,5,5,5,5,5,1,5,5,6,5,4,4,1,0.0005402611346072
"583",1,1,1,1,3,1,3,1,1,1,4,5,2,9,2,0.000144861983239562
"584",3,3,2,1,1,2,5,5,1,1,3,5,1,4,1,0.00058223081669543
"585",3,5,2,1,1,1,1,1,1,1,2,3,3,1,1,0.00227424030218861
"586",1,5,5,5,5,5,5,3,1,1,4,1,2,3,3,0.000570528903793604
"587",3,5,5,4,5,5,5,3,3,1,6,4,4,1,1,0.000889701192872439
"588",5,5,3,5,5,5,5,3,1,4,4,5,5,4,1,0.000306448224382029
"589",1,2,1,2,2,2,2,1,1,1,2,1,2,7,2,0.00108698834971493
"590",1,1,1,1,1,3,3,3,3,4,3,1,1,9,9,0.00029288746159144
"591",1,1,5,3,5,5,5,1,3,3,4,1,1,9,9,0.000154157310902572
"592",1,1,1,1,1,1,5,1,1,1,3,4,2,8,9,0.000160664363732436
"593",1,1,2,5,5,5,5,5,5,5,6,5,4,4,1,0.0005402611346072
"594",5,1,3,5,5,3,1,5,1,1,6,5,4,3,3,0.000404257800257474
"595",4,2,4,2,3,1,2,5,3,2,4,5,3,9,9,5.13500812455683e-05
"596",1,1,1,1,1,1,1,1,1,2,3,4,2,8,2,0.000453245611073059
"597",1,1,1,1,1,2,2,1,1,1,5,1,1,5,2,0.000449747868010908
"598",1,1,2,1,NA,2,2,4,5,5,3,5,5,9,1,0.000482548374081712
"599",1,1,1,1,1,1,1,1,1,1,6,4,4,5,2,0.000507454159221237
"600",2,4,4,4,4,2,2,2,4,2,4,5,2,3,1,0.000306448224382029
"601",1,5,5,5,5,5,5,1,5,5,5,4,2,1,1,0.000432549193663076
"602",5,1,1,1,1,2,1,5,5,4,6,5,1,1,1,0.0005402611346072
"603",1,1,5,1,1,1,3,1,1,1,6,5,1,5,3,0.000335045832038448
"604",3,3,3,1,1,3,1,3,3,3,3,2,2,2,2,0.000797898376121298
"605",1,1,1,3,1,1,3,1,1,1,4,5,2,8,1,0.000253982078449767
"606",1,1,1,1,1,4,4,1,1,1,5,5,2,8,9,6.40750085177294e-05
"607",1,1,1,2,2,1,2,1,1,1,3,5,2,9,2,0.000275228387648189
"608",1,1,1,1,1,1,1,1,1,1,4,5,3,8,2,0.000174786878722587
"609",1,1,2,1,2,1,1,1,1,1,4,3,3,2,2,0.00062617256168769
"610",2,1,2,2,1,1,1,4,5,NA,3,1,5,2,2,0.000996939795590828
"611",1,2,2,1,2,5,5,1,1,4,6,5,4,3,9,0.000109230073567893
"612",1,5,3,2,3,1,2,1,1,3,6,4,3,8,3,0.000551752794766387
"613",1,1,1,1,1,2,1,1,1,1,4,5,2,2,9,5.13500812455683e-05
"614",5,5,1,5,5,2,4,1,1,3,4,5,3,4,2,0.000144861983239562
"615",5,5,5,5,5,4,5,1,3,3,4,5,3,1,9,6.19577094883998e-05
"616",5,5,5,5,5,4,5,5,1,1,4,5,2,4,9,5.13500812455683e-05
"617",1,5,3,4,1,3,5,1,1,1,5,3,3,3,1,0.000940980219473188
"618",4,3,3,5,5,4,5,4,1,3,3,5,2,1,1,0.000482548374081712
"619",2,1,2,1,1,3,2,2,2,3,4,5,2,7,2,0.000144861983239562
"620",1,2,2,1,1,1,2,3,2,2,5,5,3,5,2,0.000149812087554709
"621",NA,5,5,NA,5,4,4,2,2,2,6,4,2,1,1,0.000889701192872439
"622",1,1,1,4,4,1,1,5,5,5,4,4,3,2,2,0.000287838161110536
"623",1,2,5,3,5,5,3,2,1,1,5,4,4,6,1,0.000521903374626873
"624",5,5,1,1,5,5,5,1,5,NA,3,1,2,6,9,0.00029288746159144
"625",3,4,3,3,4,4,3,NA,2,2,3,3,4,9,2,0.00118968764963071
"626",2,2,4,5,3,4,5,1,1,1,4,5,2,9,9,5.13500812455683e-05
"627",1,5,5,5,5,5,5,3,1,1,4,5,5,4,9,6.19577094883998e-05
"628",1,1,1,2,2,1,4,1,1,1,3,4,3,8,2,0.000546874931137173
"629",5,5,3,5,5,3,5,1,3,3,6,5,4,6,1,0.000447765022914948
"630",5,5,5,5,5,5,5,2,1,3,5,3,5,1,2,0.000536701933051047
"631",4,5,1,1,5,1,5,1,5,2,2,3,3,6,9,0.000459806574862574
"632",1,1,1,4,1,4,1,1,1,1,3,2,1,3,2,0.000962724665938784
"633",1,1,3,1,4,5,1,1,1,1,5,3,5,5,2,0.000536701933051047
"634",2,5,4,2,4,2,5,1,1,1,4,2,1,9,9,0.000179618378926501
"635",1,2,1,1,1,1,1,1,1,1,3,5,3,5,2,0.000275228387648189
"636",5,5,4,5,5,5,5,4,4,1,4,2,1,9,9,0.000179618378926501
"637",2,1,4,5,5,5,5,1,1,2,2,4,1,4,1,0.00104542084338569
"638",1,1,4,4,4,1,5,1,5,5,6,4,4,8,9,0.000149083211380228
"639",4,4,1,1,5,5,5,1,2,2,6,1,1,4,2,0.00076669686911374
"640",4,1,2,1,3,5,NA,3,1,3,3,3,4,2,2,0.00118968764963071
"641",3,5,5,5,5,3,NA,5,5,1,3,2,4,5,3,0.00126300116365998
"642",1,1,3,2,2,3,2,2,2,2,5,4,4,5,2,0.00029767475480844
"643",5,1,3,5,5,5,5,1,1,1,5,5,2,3,1,0.000316919889184621
"644",4,4,3,3,1,4,4,1,3,3,6,5,4,4,1,0.000447765022914948
"645",1,4,2,5,5,2,5,3,3,2,5,3,4,6,1,0.00113536373202888
"646",NA,1,2,3,1,1,1,5,3,3,4,1,3,9,9,0.000186001436549169
"647",1,2,5,1,1,1,4,NA,3,3,6,5,4,5,2,0.000308146419611032
"648",5,5,5,1,1,1,NA,5,1,1,2,3,5,5,2,0.00156510308647495
"649",1,5,5,1,5,3,5,1,1,1,5,5,5,3,3,0.000237139216435632
"650",1,5,3,3,1,1,3,1,1,1,5,4,2,8,9,8.74529570607482e-05
"651",1,2,1,3,2,1,2,2,2,1,6,4,2,5,2,0.000420573413086224
"652",1,1,5,5,3,5,5,3,2,3,5,5,2,1,1,0.000316919889184621
"653",1,5,1,5,3,1,5,1,1,1,2,4,1,3,1,0.00126137844377449
"654",2,2,1,NA,3,NA,NA,3,3,5,2,2,4,9,9,0.000372086974195392
"655",5,5,5,4,5,5,5,5,1,1,4,4,2,3,9,8.45632218015403e-05
"656",2,4,2,5,4,5,5,1,1,1,3,5,2,1,1,0.000482548374081712
"657",2,1,2,1,1,1,1,5,5,5,4,5,3,2,9,6.19577094883998e-05
"658",1,4,2,4,3,2,5,1,1,1,4,4,1,3,9,0.000102031882235304
"659",5,5,5,5,2,3,5,1,1,1,3,5,5,4,1,0.00058223081669543
"660",4,5,5,4,2,2,2,4,4,3,3,4,3,2,2,0.000453245611073059
"661",4,1,5,5,5,5,5,5,5,5,4,5,2,4,1,0.000253982078449767
"662",2,5,4,5,5,5,5,3,1,1,3,5,2,6,1,0.000482548374081712
"663",5,5,4,5,4,4,5,5,5,5,5,5,4,4,1,0.00026266066473437
"664",1,2,1,1,1,1,1,1,1,1,4,5,3,8,2,0.000144861983239562
"665",1,4,1,1,4,4,4,5,2,5,3,5,3,6,1,0.00058223081669543
"666",1,5,4,4,4,2,3,1,1,1,2,3,2,6,2,0.00156510308647495
"667",5,3,1,1,1,1,1,1,1,1,3,5,2,3,2,0.000275228387648189
"668",1,1,1,2,1,1,2,1,1,1,3,5,2,9,2,0.000275228387648189
"669",1,3,1,1,1,1,1,1,1,1,3,5,2,5,2,0.000275228387648189
"670",1,2,4,2,1,1,1,1,1,1,4,5,5,2,2,0.000144861983239562
"671",1,5,2,5,5,2,5,2,2,3,5,4,3,4,1,0.000521903374626873
"672",1,2,1,3,3,2,2,1,1,1,2,4,2,2,2,0.000596270308807718
"673",5,5,1,5,1,1,NA,1,1,1,6,5,1,9,9,9.05292242403481e-05
"674",1,1,1,2,2,3,3,1,1,1,6,5,4,9,9,0.000109230073567893
"675",5,5,5,5,5,4,5,5,5,5,5,4,5,6,1,0.000432549193663076
"676",2,4,1,1,1,4,1,5,5,5,2,1,5,2,2,0.00108698834971493
"677",1,4,5,5,5,3,5,1,2,2,6,2,4,4,1,0.00156623952950439
"678",5,5,1,1,1,NA,NA,5,1,1,3,3,4,3,9,0.00042171524721163
"679",5,5,2,5,1,3,3,1,1,2,2,2,5,2,9,0.000448949985808075
"680",1,3,1,NA,1,4,NA,1,2,2,5,5,2,9,9,5.31048829822053e-05
"681",1,2,5,5,1,2,5,1,1,1,4,3,2,7,2,0.00062617256168769
"682",1,1,1,2,1,1,2,1,1,1,3,5,2,8,2,0.000332083963915227
"683",5,5,1,5,1,5,5,1,1,1,2,4,2,6,9,0.000211363308407341
"684",1,5,3,5,4,4,5,1,2,2,5,3,2,1,1,0.00113536373202888
"685",1,1,3,3,5,5,5,5,5,2,4,2,3,4,1,0.000888404095183239
"686",1,5,5,4,2,1,2,1,1,1,6,5,2,7,9,9.05292242403481e-05
"687",1,1,1,2,1,1,2,1,1,1,3,5,3,2,2,0.000275228387648189
"688",3,5,5,3,5,3,5,1,1,2,4,5,2,9,1,0.000306448224382029
"689",1,3,1,4,3,3,5,1,1,1,3,3,2,9,2,0.000986004496535238
"690",NA,5,5,3,5,5,5,1,1,1,3,1,5,5,9,0.00029288746159144
"691",5,5,5,5,3,3,3,1,1,1,3,3,1,8,1,0.00208583874971578
"692",1,1,1,1,1,1,1,1,1,1,3,4,1,5,2,0.000546874931137173
"693",1,2,2,3,2,1,2,5,1,1,5,4,3,5,2,0.000246710568212053
"694",1,1,1,1,1,1,1,1,1,1,4,4,2,5,2,0.000238558152893643
"695",3,3,3,1,2,2,4,3,1,2,4,5,5,2,2,0.000144861983239562
"696",1,1,5,1,1,4,4,3,3,1,6,1,1,8,2,0.00076669686911374
"697",3,1,1,3,3,3,NA,2,3,3,3,1,5,5,2,0.000826256619116868
"698",1,5,1,1,1,3,3,5,5,5,4,2,2,2,1,0.000888404095183239
"699",2,5,3,5,5,3,3,1,1,2,2,5,4,3,1,0.000765958288966523
"700",5,5,5,5,5,5,5,2,1,5,4,1,1,4,1,0.000762471328096302
"701",1,5,1,5,5,5,5,5,1,2,3,5,2,3,9,0.000117715658616945
"702",1,4,1,2,3,3,2,1,1,1,4,1,2,2,9,0.000154157310902572
"703",NA,4,4,2,2,2,3,2,4,2,3,2,4,2,2,0.000962724665938784
"704",3,5,1,4,5,3,3,5,5,5,4,4,3,8,1,0.000504657258634549
"705",3,5,5,3,5,NA,5,3,1,2,4,5,2,9,9,6.19577094883998e-05
"706",1,1,1,2,2,1,2,2,2,2,5,5,4,9,9,6.40750085177294e-05
"707",1,5,5,5,5,3,5,2,3,5,5,2,2,8,9,0.000153953527475091
"708",4,5,3,4,3,3,1,3,1,3,4,4,2,8,3,0.000312966059403823
"709",1,2,3,4,3,4,4,1,1,1,4,5,2,8,2,0.000174786878722587
"710",1,1,3,3,5,5,5,5,1,1,6,5,4,2,1,0.0005402611346072
"711",3,5,5,5,5,3,5,5,2,2,4,5,2,4,1,0.000253982078449767
"712",1,5,5,5,5,3,5,1,2,2,4,5,3,1,1,0.000306448224382029
"713",1,4,1,2,1,1,3,1,1,1,6,5,4,8,9,0.000109230073567893
"714",1,1,1,1,1,1,2,1,1,1,3,5,3,5,2,0.000332083963915227
"715",1,1,1,1,1,1,1,5,1,1,6,5,4,9,2,0.000255389154496656
"716",1,1,1,1,5,5,5,5,1,1,5,2,2,8,9,0.000153953527475091
"717",5,5,5,4,5,5,5,1,1,1,4,4,2,9,1,0.000504657258634549
"718",1,2,1,1,3,1,5,1,1,2,5,5,5,9,3,0.000237139216435632
"719",5,5,2,5,5,3,5,1,3,2,2,2,2,2,9,0.000372086974195392
"720",4,4,2,4,3,3,4,2,1,1,3,5,2,6,1,0.000482548374081712
"721",3,3,3,3,4,4,5,4,4,5,5,4,2,4,1,0.000432549193663076
"722",1,2,1,1,1,1,1,1,1,1,6,5,3,5,2,0.000255389154496656
"723",5,5,1,5,4,1,5,2,5,5,2,3,2,3,2,0.00129714513084528
"724",1,5,5,4,4,4,5,2,1,1,4,4,1,1,1,0.000418256320040428
"725",2,5,5,4,1,3,2,5,5,5,3,3,5,5,2,0.000986004496535238
"726",5,5,NA,2,2,NA,NA,5,1,5,3,2,3,9,9,0.000341262843905391
"727",1,5,4,5,5,4,4,1,1,1,3,5,5,9,9,0.000117715658616945
"728",1,4,1,4,4,2,4,2,2,2,4,3,2,4,9,0.000221963281293902
"729",5,5,1,3,3,NA,3,1,1,1,3,2,4,2,2,0.000962724665938784
"730",2,2,2,2,2,2,3,3,3,5,4,5,1,2,2,0.000174786878722587
"731",1,1,1,3,1,1,1,3,5,5,4,4,5,2,9,8.45632218015403e-05
"732",4,1,1,1,5,5,5,4,4,2,6,5,4,4,9,9.05292242403481e-05
"733",1,5,3,5,1,1,5,1,1,1,5,4,2,1,1,0.000521903374626873
"734",1,1,1,4,3,2,4,1,1,1,4,5,2,1,1,0.000253982078449767
"735",2,4,2,4,2,4,4,2,3,4,6,5,4,3,3,0.000335045832038448
"736",1,1,1,1,1,1,2,4,1,1,4,5,1,9,2,0.000174786878722587
"737",1,1,1,2,2,2,2,1,1,1,4,5,3,9,2,0.000174786878722587
"738",2,2,5,5,5,5,5,1,3,3,4,4,5,3,9,8.45632218015403e-05
"739",2,5,3,5,4,5,5,2,1,1,3,5,2,6,1,0.00058223081669543
"740",1,4,1,1,1,1,2,2,1,2,4,5,3,8,2,0.000144861983239562
"741",1,5,3,4,5,3,4,2,1,1,5,4,4,3,1,0.000521903374626873
"742",3,5,5,5,5,5,5,1,2,2,6,5,4,8,1,0.000447765022914948
"743",1,2,1,2,1,1,2,1,1,1,3,5,2,5,2,0.000332083963915227
"744",1,3,2,4,2,1,1,1,1,1,4,5,2,8,3,0.000190044758522986
"745",5,5,5,5,5,5,5,5,1,1,6,5,2,5,2,0.000308146419611032
"746",1,1,1,1,1,1,1,1,1,1,4,5,3,5,2,0.000174786878722587
"747",4,3,5,1,1,2,1,4,1,1,3,2,4,4,1,0.00168791117434052
"748",1,4,3,5,2,3,4,1,3,3,3,1,2,8,2,0.000826256619116868
"749",1,1,1,1,1,1,1,1,1,1,6,5,4,9,2,0.000255389154496656
"750",1,1,2,1,1,1,1,5,3,3,4,5,1,6,1,0.000253982078449767
"751",3,3,3,3,3,3,3,5,5,5,4,1,1,1,1,0.000762471328096302
"752",1,3,1,5,3,3,5,1,1,1,4,5,2,1,1,0.000306448224382029
"753",1,4,1,5,1,1,1,1,1,1,4,5,3,5,2,0.000174786878722587
"754",1,1,1,2,1,1,1,5,4,5,5,2,2,7,2,0.000434312082043661
"755",4,4,1,5,5,4,5,5,4,3,6,5,4,1,1,0.000447765022914948
"756",1,1,1,1,1,1,1,5,1,1,5,3,4,3,2,0.000536701933051047
"757",5,5,3,3,5,3,5,1,1,1,3,5,2,1,1,0.00058223081669543
"758",1,4,5,5,5,4,5,3,2,4,5,5,2,3,1,0.000316919889184621
"759",1,1,1,1,1,1,1,1,1,1,4,5,3,5,2,0.000144861983239562
"760",1,3,5,3,2,3,5,1,1,1,4,4,3,8,9,8.45632218015403e-05
"761",1,5,5,5,1,5,5,3,1,1,5,5,2,4,3,0.000196539950941728
"762",1,4,5,4,2,4,5,5,3,3,6,5,2,4,1,0.000447765022914948
"763",1,2,2,1,2,3,2,1,1,1,5,5,2,8,9,5.31048829822053e-05
"764",1,1,4,5,1,3,1,1,1,1,4,5,2,9,2,0.000174786878722587
"765",1,2,1,1,2,NA,2,1,1,1,5,5,2,8,9,6.40750085177294e-05
"766",2,1,1,NA,NA,5,1,5,5,5,4,2,5,3,1,0.000736302948281753
"767",3,3,3,4,1,4,4,5,2,2,3,4,3,2,2,0.000546874931137173
"768",4,4,1,1,1,1,1,1,1,5,6,1,4,6,9,0.000271775929792145
"769",1,3,2,4,4,4,4,5,3,2,3,2,1,1,9,0.000341262843905391
"770",1,1,4,3,2,5,5,3,4,5,5,5,3,1,1,0.00026266066473437
"771",1,1,1,1,1,1,1,1,1,1,4,4,2,5,2,0.000238558152893643
"772",2,4,4,2,2,4,2,2,2,4,2,4,5,1,1,0.00126137844377449
"773",1,5,2,5,5,2,5,1,1,1,4,5,4,9,9,6.19577094883998e-05
"774",1,1,1,1,1,1,1,1,1,1,4,5,3,5,2,0.000174786878722587
"775",1,1,1,2,1,1,1,5,1,1,3,4,5,5,2,0.000546874931137173
"776",3,3,3,1,5,3,5,1,3,3,5,5,2,4,1,0.00026266066473437
"777",1,4,1,5,5,NA,5,4,5,5,6,5,4,3,1,0.000447765022914948
"778",1,1,1,4,4,4,3,5,5,5,4,4,2,8,2,0.000238558152893643
"779",1,5,5,5,5,1,5,1,1,5,4,4,2,6,1,0.000418256320040428
"780",2,5,1,3,3,5,3,5,5,5,2,3,5,5,9,0.000554791216452312
"781",1,1,1,3,1,5,5,1,1,1,4,5,3,5,2,0.000174786878722587
"782",4,1,1,1,4,3,1,2,4,4,6,2,4,4,1,0.00156623952950439
"783",1,5,1,5,5,3,4,1,1,1,4,5,2,3,1,0.000253982078449767
"784",2,1,1,5,5,1,1,5,5,5,4,1,1,4,9,0.000154157310902572
"785",2,5,2,2,1,3,4,2,1,1,3,2,4,8,9,0.000341262843905391
"786",5,5,5,NA,5,5,4,2,1,1,6,1,4,3,1,0.00162190475178234
"787",4,4,5,5,5,4,5,3,3,3,2,5,2,6,1,0.000634820957834888
"788",1,1,1,1,1,1,1,3,5,3,5,2,4,3,9,0.00018575560257316
"789",1,4,4,5,1,3,4,2,2,2,3,4,3,8,3,0.000717447051034252
"790",1,1,1,1,1,1,1,1,1,1,4,3,2,5,2,0.000518967383764285
"791",1,4,3,5,5,5,5,3,3,3,4,5,2,9,9,6.19577094883998e-05
"792",5,1,1,4,2,2,4,1,1,1,3,4,2,8,9,0.000160664363732436
"793",1,1,1,3,5,5,5,1,3,3,4,4,5,6,1,0.000418256320040428
"794",2,2,1,2,1,5,1,1,1,1,6,2,4,5,2,0.000740382929708133
"795",5,3,4,1,1,1,1,2,2,5,6,1,4,5,2,0.00076669686911374
"796",1,4,4,NA,2,3,4,1,1,1,3,5,2,8,2,0.000275228387648189
"797",1,1,1,1,1,1,1,1,1,1,3,5,3,5,2,0.000332083963915227
"798",1,4,1,2,3,1,5,1,1,1,5,5,3,8,2,0.000149812087554709
"799",5,5,5,1,1,5,5,5,5,5,4,1,1,1,1,0.000762471328096302
"800",1,1,4,1,1,1,1,4,1,1,6,5,3,2,2,0.000308146419611032
"801",5,5,5,5,5,5,5,1,5,5,4,5,1,6,2,0.000144861983239562
"802",1,1,1,1,1,1,1,1,1,1,6,2,1,5,2,0.000893327244018559
"803",1,1,1,3,1,2,2,3,3,4,3,1,1,4,2,0.000826256619116868
"804",1,1,1,1,1,1,1,1,1,1,5,5,2,5,2,0.000180760213051907
"805",1,2,2,1,1,2,1,5,5,5,5,5,2,3,1,0.000316919889184621
"806",5,5,5,5,5,1,5,5,3,5,6,5,4,4,1,0.000447765022914948
"807",3,5,2,5,1,3,5,2,3,3,4,5,2,4,1,0.000306448224382029
"808",1,4,1,3,3,3,3,5,NA,NA,3,4,3,9,9,0.000193854106931919
"809",1,3,1,1,2,NA,5,1,1,1,4,5,2,4,1,0.000306448224382029
"810",1,1,4,5,4,4,4,NA,NA,1,2,1,3,1,9,0.00038531133259776
"811",5,3,5,5,5,2,5,1,1,1,3,4,2,8,1,0.000958816121364094
"812",5,1,1,5,5,5,3,1,1,1,6,1,4,4,1,0.00162190475178234
"813",3,4,1,5,5,1,5,5,1,1,5,5,3,3,1,0.00026266066473437
"814",2,5,5,1,1,1,1,1,1,1,6,3,4,5,2,0.00110393040789482
"815",5,5,5,5,5,5,5,3,3,3,5,5,4,4,1,0.000316919889184621
"816",1,2,5,3,4,3,1,5,1,1,4,2,2,2,2,0.000506714500854827
"817",5,5,5,1,1,4,4,1,1,1,4,2,5,9,9,0.000179618378926501
"818",4,5,1,1,5,5,5,1,1,1,4,3,2,3,1,0.000909887612604125
"819",1,5,3,5,5,4,5,1,1,3,6,5,4,3,1,0.0005402611346072
"820",2,2,5,5,1,3,5,1,1,1,4,2,2,3,1,0.000888404095183239
"821",5,1,1,5,5,5,5,1,5,5,4,5,5,1,1,0.000306448224382029
"822",2,5,1,4,4,4,3,1,1,1,3,4,2,3,1,0.000958816121364094
"823",1,1,1,1,1,1,1,1,1,1,4,5,3,1,2,0.000144861983239562
"824",1,1,1,1,1,1,1,1,1,1,3,5,2,5,3,0.000361072965138712
"825",2,5,5,4,3,2,5,1,1,3,5,5,3,3,1,0.00026266066473437
"826",1,5,5,5,2,1,1,3,1,5,4,3,2,6,1,0.000909887612604125
"827",1,5,5,NA,1,2,2,NA,NA,NA,3,1,4,3,1,0.00174790113380166
"828",1,1,1,5,5,5,5,5,5,5,4,4,2,4,1,0.000418256320040428
"829",1,5,1,1,1,3,5,1,1,1,3,5,2,8,9,0.000117715658616945
"830",1,1,1,1,1,1,1,1,1,1,3,2,1,3,2,0.000962724665938784
"831",1,5,3,3,1,5,5,1,1,1,3,5,5,3,1,0.00058223081669543
"832",5,5,5,5,2,5,5,1,1,2,4,5,2,9,3,0.000190044758522986
"833",1,3,3,5,5,3,3,1,3,1,5,5,4,9,1,0.000316919889184621
"834",1,1,5,1,1,1,5,1,1,1,3,5,3,8,9,9.75619089268088e-05
"835",1,5,5,1,1,NA,1,3,4,NA,6,3,4,1,1,0.00193548323968779
"836",NA,1,1,1,4,4,4,NA,1,1,2,2,5,2,2,0.0010496819656365
"837",1,5,1,5,2,5,5,2,1,2,3,5,3,9,1,0.00058223081669543
"838",1,1,4,3,2,NA,4,2,2,2,2,2,1,2,2,0.0012665193928868
"839",1,4,3,5,3,1,1,1,2,3,5,5,3,5,2,0.000180760213051907
"840",1,1,2,1,1,1,1,1,1,1,6,5,4,5,2,0.000308146419611032
"841",1,5,1,5,2,5,1,1,1,1,6,5,4,4,1,0.000447765022914948
"842",5,1,1,1,1,1,1,1,1,1,3,3,3,5,2,0.000986004496535238
"843",5,5,3,1,1,3,3,3,1,1,3,1,2,3,1,0.00144864678787545
"844",2,2,3,2,1,1,2,1,1,1,4,5,1,3,3,0.000190044758522986
"845",5,5,5,1,1,1,1,1,1,1,5,1,5,9,9,0.000159424411660465
"846",NA,NA,NA,4,4,NA,4,NA,1,2,4,3,5,9,9,0.000183961445835978
"847",5,5,5,1,5,5,5,5,5,5,5,5,2,6,1,0.00026266066473437
"848",3,5,5,NA,5,5,5,5,5,4,6,5,4,4,1,0.000447765022914948
"849",2,1,1,1,1,1,1,1,2,5,6,3,4,1,1,0.00193548323968779
"850",4,1,2,5,5,1,5,5,1,1,6,4,4,1,1,0.000889701192872439
"851",1,5,5,1,1,1,5,1,1,1,6,5,4,3,3,0.000335045832038448
"852",1,1,1,1,1,1,1,1,1,1,4,5,3,5,2,0.000174786878722587
"853",1,1,1,1,1,1,1,1,1,1,5,5,3,2,2,0.000149812087554709
"854",3,4,4,2,3,3,5,1,1,1,2,2,1,2,2,0.0012665193928868
"855",5,1,1,5,1,1,5,1,1,1,4,1,5,5,2,0.000524722917816615
"856",5,5,1,5,5,5,1,5,1,1,2,2,1,2,2,0.0012665193928868
"857",1,5,5,5,5,NA,NA,1,2,NA,5,1,4,9,9,0.00019235753869201
"858",1,2,3,1,1,1,1,5,1,1,5,2,4,5,2,0.000524029622875505
"859",1,1,1,2,2,1,1,5,1,1,4,4,1,2,2,0.000287838161110536
"860",4,5,2,2,5,4,5,1,1,1,3,1,1,6,1,0.00144864678787545
"861",1,1,1,1,1,1,1,5,1,1,3,4,2,1,2,0.000453245611073059
"862",1,1,1,1,1,1,3,3,1,1,4,1,2,9,9,0.000154157310902572
"863",4,4,4,5,5,3,3,5,1,1,2,3,5,5,2,0.00129714513084528
"864",2,5,5,3,4,4,4,3,3,1,3,5,2,9,9,9.75619089268088e-05
"865",1,5,5,5,5,1,5,1,1,1,3,5,5,9,9,0.000117715658616945
"866",2,5,1,3,4,2,3,4,3,3,2,4,1,9,9,0.000255025794628609
"867",5,1,3,5,5,1,5,1,1,1,3,5,2,5,2,0.000332083963915227
"868",1,5,5,5,5,2,5,3,1,5,4,4,2,3,1,0.000504657258634549
"869",NA,4,3,5,5,5,5,1,1,1,2,5,2,4,1,0.000765958288966523
"870",3,5,4,5,5,3,5,1,1,3,6,5,4,4,1,0.0005402611346072
"871",5,5,5,1,5,3,5,5,3,5,2,2,5,6,9,0.000372086974195392
"872",1,1,3,1,1,1,1,1,1,1,4,5,2,5,2,0.000174786878722587
"873",1,1,1,2,1,1,1,3,1,2,4,5,1,5,2,0.000174786878722587
"874",5,5,5,5,5,5,5,4,3,4,5,5,2,6,1,0.000316919889184621
"875",1,3,3,3,1,1,3,3,1,1,3,5,1,5,2,0.000332083963915227
"876",1,3,2,5,5,1,2,4,1,1,4,4,3,3,9,0.000102031882235304
"877",1,1,1,2,1,1,1,1,1,1,5,5,4,5,2,0.000180760213051907
"878",1,2,1,1,3,1,1,1,1,1,4,4,3,5,2,0.000238558152893643
"879",1,1,1,2,1,1,1,1,1,1,5,3,4,5,2,0.000647570899792327
"880",1,1,1,4,1,1,4,1,1,1,3,4,2,8,2,0.000453245611073059
"881",4,5,1,5,5,5,5,1,1,2,3,4,5,1,9,0.000193854106931919
"882",1,2,1,3,1,1,1,5,1,1,5,4,2,5,2,0.000246710568212053
"883",1,5,1,3,2,1,1,1,3,3,4,3,5,3,9,0.000221963281293902
"884",1,5,5,5,5,3,4,5,2,2,5,5,2,1,9,6.40750085177294e-05
"885",1,1,3,2,2,1,5,1,1,1,2,5,3,9,2,0.000362078943645798
"886",2,5,5,3,3,3,3,3,2,2,4,3,4,2,2,0.00062617256168769
"887",NA,3,4,NA,1,2,NA,NA,NA,NA,5,4,5,9,9,0.000105518519639767
"888",1,2,2,4,3,1,4,1,1,1,3,5,2,8,2,0.000332083963915227
"889",4,4,4,5,4,1,1,5,1,3,3,4,3,1,2,0.000453245611073059
"890",1,1,1,1,1,1,3,1,1,1,3,5,3,7,2,0.000332083963915227
"891",1,5,5,5,5,3,5,1,3,3,4,3,4,3,1,0.00109784709520781
"892",2,3,3,4,4,3,2,2,2,2,5,5,5,1,1,0.000316919889184621
"893",2,3,3,4,4,4,4,2,2,2,4,3,5,9,2,0.000518967383764285
"894",1,1,1,1,1,1,1,5,1,1,3,5,3,5,2,0.000275228387648189
"895",5,5,3,3,3,5,5,1,1,2,3,5,2,6,9,9.75619089268088e-05
"896",1,1,NA,5,4,NA,5,NA,NA,NA,3,5,2,5,2,0.000275228387648189
"897",1,1,1,2,2,1,2,1,1,1,2,4,5,5,2,0.000719444991198915
"898",1,1,2,3,3,1,1,1,1,2,4,5,4,5,2,0.000174786878722587
"899",1,5,4,5,5,2,4,2,1,1,3,5,3,3,2,0.000332083963915227
"900",1,1,1,3,3,1,1,3,1,1,5,5,4,2,2,0.000180760213051907
"901",1,3,1,3,1,2,4,1,1,1,3,4,3,8,2,0.000546874931137173
"902",1,1,1,1,1,1,1,1,1,1,6,5,4,5,2,0.000308146419611032
"903",4,5,3,5,5,4,5,1,1,1,4,4,3,4,9,0.000102031882235304
"904",1,2,5,1,1,1,1,1,1,1,4,4,2,5,2,0.000287838161110536
"905",5,5,5,5,5,5,5,4,3,5,6,5,2,6,1,0.000447765022914948
"906",1,5,2,1,5,1,5,1,1,5,2,5,2,9,2,0.000362078943645798
